f_id,mem_id,exp_date,fee_month,fee_paid,fee_status,pay_date
1,25,21-Mar-25,3000,3000,Paid,24-Feb-25
2,24,21-Mar-25,3000,3000,Paid,24-Feb-25
3,2,13-Mar-25,6000,6000,Paid,12-Feb-25
4,4,14-Mar-25,6000,6000,Paid,15-Feb-25
5,5,14-Mar-25,6000,6000,Paid,15-Feb-25
6,21,18-Mar-25,6000,6000,Paid,17-Feb-25
7,10,15-Mar-25,6000,6000,Paid,17-Feb-25
8,3,14-Mar-25,3000,3000,Paid,18-Feb-25
9,17,17-Mar-25,3000,3000,Paid,18-Feb-25
10,27,22-Mar-25,6000,6000,Paid,21-Feb-25
11,34,24-Mar-25,6000,6000,Paid,21-Feb-25
12,35,24-Mar-25,6000,6000,Paid,21-Feb-25
13,18,17-Mar-25,4000,4000,Paid,24-Feb-25
14,40,27-Mar-25,3000,3000,Paid,24-Feb-25
15,14,15-Mar-25,6000,6000,Paid,24-Feb-25
16,9,15-Mar-25,6000,6000,Paid,25-Feb-25
17,43,29-Mar-25,3000,3000,Paid,26-Feb-25
18,28,22-Mar-25,6000,6000,Paid,28-Feb-25
19,29,22-Mar-25,3000,3000,Paid,25-Feb-25
20,52,3-Apr-25,3000,3000,Paid,3-Mar-25
21,30,22-Mar-25,3000,3000,Paid,3-Mar-25
22,47,1-Apr-25,3000,3000,Paid,3-Mar-25
23,37,24-Mar-25,3000,3000,Paid,4-Mar-25
24,54,3-Apr-25,6000,6000,Paid,5-Mar-25
25,59,4-Apr-25,3000,3000,Paid,5-Mar-25
26,61,4-Apr-25,5000,5000,Paid,5-Mar-25
27,69,10-Apr-25,5000,5000,Paid,5-Mar-25
28,64,6-Apr-25,3000,3000,Paid,6-Mar-25
29,50,1-Apr-25,3000,3000,Paid,6-Mar-25
30,60,4-Apr-25,3000,3000,Paid,11-Mar-25
31,2,13-Apr-25,6000,6000,Paid,11-Mar-25
32,56,3-Apr-25,3000,3000,Paid,12-Mar-25
33,73,12-Apr-25,5000,5000,Paid,16-Mar-25
34,17,17-Apr-25,3000,3000,Paid,18-Mar-25
35,10,8-Apr-25,6000,6000,Paid,18-Mar-25
36,80,18-Apr-25,3000,3000,Paid,22-Mar-25
37,3,14-Apr-25,3000,3000,Paid,22-Mar-25
38,34,24-Apr-25,6000,6000,Paid,22-Mar-25
39,35,24-Apr-25,6000,6000,Paid,22-Mar-25
40,27,22-Apr-25,6000,6000,Paid,22-Mar-25
41,90,24-Apr-25,6000,6000,Paid,24-Mar-25
42,83,21-Apr-25,3000,3000,Paid,25-Mar-25
43,86,28-Apr-25,6000,6000,Paid,25-Mar-25
44,91,25-Apr-25,3000,3000,Paid,25-Mar-25
45,24,21-Apr-25,3000,3000,Paid,25-Mar-25
46,40,27-Apr-25,3000,3000,Paid,25-Mar-25
47,25,21-Apr-25,3000,3000,Paid,25-Mar-25
48,84,21-Apr-25,3000,3000,Paid,27-Mar-25
49,18,17-Apr-25,4000,4000,Paid,3-Apr-25
50,98,3-May-25,3000,3000,Paid,4-Apr-25
51,70,28-Apr-25,6000,6000,Paid,4-Apr-25
52,85,28-Apr-25,3000,3000,Paid,4-Apr-25
53,61,4-May-25,5000,5000,Paid,4-Apr-25
54,69,10-May-25,5000,5000,Paid,4-Apr-25
55,99,4-May-25,6000,6000,Paid,4-Apr-25
56,43,29-Apr-25,3000,3000,Paid,4-Apr-25
57,60,4-May-25,3000,3000,Paid,5-Apr-25
58,64,6-May-25,6000,6000,Paid,8-Apr-25
59,59,4-May-25,3000,3000,Paid,8-Apr-25
60,65,7-May-25,3000,3000,Paid,7-Apr-25
61,92,28-Apr-25,3000,3000,Paid,7-Apr-25
62,131,9-May-25,6000,6000,Paid,13-Apr-25
63,54,3-May-25,6000,6000,Paid,13-Apr-25
64,108,10-May-25,3000,3000,Paid,13-Apr-25
65,107,10-May-25,3000,3000,Paid,13-Apr-25
66,19,23-Apr-25,4000,4000,Paid,13-Apr-25
67,8,15-May-25,5000,5000,Paid,13-Apr-25
68,56,3-May-25,3000,3000,Paid,13-Apr-25
69,4,14-May-25,6000,6000,Paid,14-Apr-25
70,5,14-May-25,6000,6000,Paid,14-Apr-25
71,2,13-May-25,6000,6000,Paid,14-Apr-25
72,112,13-May-25,3000,3000,Paid,15-Apr-25
73,67,10-May-25,3000,3000,Paid,16-Apr-25
74,115,17-May-25,3000,3000,Paid,17-Apr-25
75,116,17-May-25,4000,4000,Paid,18-Apr-25
76,73,12-May-25,5000,5000,Paid,18-Apr-25
77,10,15-May-25,6000,6000,Paid,18-Apr-25
78,37,24-May-25,3000,3000,Paid,19-Apr-25
79,80,18-May-25,3000,3000,Paid,21-Apr-25
80,118,17-May-25,3000,3000,Paid,21-Apr-25
81,27,22-May-25,6000,6000,Paid,22-Apr-25
82,17,17-May-25,3000,3000,Paid,22-Apr-25
83,14,15-Apr-25,4000,4000,Paid,22-Apr-25
84,117,17-May-25,3000,3000,Paid,24-Apr-25
85,90,24-May-25,6000,6000,Paid,24-Apr-25
86,43,29-May-25,3000,3000,Paid,28-Apr-25
87,91,25-May-25,3000,3000,Paid,28-Apr-25
88,34,24-May-25,3000,3000,Paid,28-Apr-25
89,35,24-May-25,3000,3000,Paid,28-Apr-25
90,14,28-May-25,6000,6000,Paid,28-Apr-25
91,84,28-May-25,3000,3000,Paid,28-Apr-25
92,120,26-May-25,3000,3000,Paid,28-Apr-25
93,121,26-May-25,3000,3000,Paid,28-Apr-25
94,104,28-May-25,3000,3000,Paid,28-Apr-25
95,92,28-May-25,3000,3000,Paid,28-Apr-25
96,149,29-May-25,3000,3000,Paid,29-Apr-25
97,122,28-May-25,3000,3000,Paid,29-Apr-25
98,40,27-May-25,3000,3000,Paid,30-Apr-25
99,24,21-May-25,3000,3000,Paid,30-Apr-25
100,25,21-May-25,3000,3000,Paid,30-Apr-25
101,9,30-May-25,6000,6000,Paid,1-May-25
102,83,21-May-25,3000,3000,Paid,2-May-25
103,101,2-Jun-25,6000,6000,Paid,2-May-25
104,150,2-Jun-25,3000,3000,Paid,2-May-25
105,86,28-Apr-25,3000,3000,Paid,3-May-25
106,70,3-Jun-25,6000,6000,Paid,3-May-25
107,151,2-Jun-25,3000,3000,Paid,3-May-25
108,133,9-Jun-25,3000,3000,Paid,5-May-25
109,61,4-Jun-25,5000,5000,Paid,5-May-25
110,69,10-Jun-25,5000,5000,Paid,5-May-25
111,85,28-Apr-25,3000,3000,Paid,5-May-25
112,128,8-Jun-25,3000,3000,Paid,7-May-25
113,97,6-Jun-25,3000,3000,Paid,7-May-25
114,59,4-Jun-25,3000,3000,Paid,7-May-25
115,71,7-Jun-25,7000,7000,Paid,7-May-25
116,125,7-Jun-25,3000,3000,Paid,7-May-25
117,139,14-Jun-25,3000,3000,Paid,7-May-25
118,108,10-Jun-25,3000,3000,Paid,9-May-25
119,60,4-Jun-25,3000,3000,Paid,9-May-25
120,127,8-Jun-25,6000,6000,Paid,9-May-25
121,98,3-Jun-25,3000,3000,Paid,12-May-25
122,107,10-Jun-25,3000,3000,Paid,12-May-25
123,65,7-Jun-25,3000,3000,Paid,12-May-25
124,131,10-Jun-25,4000,4000,Paid,14-May-25
125,132,13-Jun-25,9000,9000,Paid,14-May-25
126,112,13-Jun-25,3000,3000,Paid,15-May-25
127,138,12-Jun-25,2500,2500,Paid,19-May-25
128,141,15-Jun-25,3000,3000,Paid,19-May-25
129,8,15-Jun-25,5000,5000,Paid,19-May-25
130,10,15-Jun-25,6000,6000,Paid,19-May-25
131,27,22-Jun-25,6000,6000,Paid,21-May-25
132,80,18-Jun-25,3000,3000,Paid,21-May-25
133,56,20-Jun-25,3000,3000,Paid,21-May-25
134,73,12-May-25,5000,5000,Paid,21-May-25
135,115,20-Jun-25,3000,3000,Paid,23-May-25
136,17,20-Jun-25,3000,3000,Paid,24-May-25
137,90,24-Jun-25,6000,6000,Paid,24-May-25
138,91,25-Jun-25,3000,3000,Paid,28-May-25
139,43,29-Jun-25,3000,3000,Paid,28-May-25
140,35,24-Jun-25,3000,3000,Paid,29-May-25
141,34,24-Jun-25,3000,3000,Paid,29-May-25
142,86,30-Jun-25,3000,3000,Paid,30-May-25
143,92,28-Jun-25,3000,3000,Paid,30-May-25
144,24,21-Jun-25,3000,3000,Paid,2-Jun-25
145,25,21-Jun-25,3000,3000,Paid,2-Jun-25
146,40,27-Jun-25,3000,3000,Paid,2-Jun-25
147,72,2-Jul-25,3500,3500,Paid,2-Jun-25
148,101,2-Jul-25,6000,6000,Paid,2-Jun-25
149,122,28-Jun-25,3000,3000,Paid,2-Jun-25
150,147,17-May-25,10000,10000,Paid,4-Jun-25
151,153,4-Jul-25,6000,6000,Paid,4-Jun-25
152,142,15-Jun-25,3000,3000,Paid,4-Jun-25
153,125,7-Jul-25,3000,3000,Paid,4-Jun-25
154,104,28-Jun-25,3000,3000,Paid,6-Jun-25
155,60,4-Jul-25,3000,3000,Paid,6-Jun-25
156,157,6-Jul-25,3000,3000,Paid,10-Jun-25
157,154,6-Jul-25,3000,3000,Paid,10-Jun-25
158,128,8-Jul-25,3000,3000,Paid,11-Jun-25
159,61,4-Jul-25,5000,5000,Paid,11-Jun-25
160,69,10-Jul-25,5000,5000,Paid,11-Jun-25
161,149,29-Jun-25,6000,6000,Paid,11-Jun-25
162,131,10-Jul-25,4000,4000,Paid,11-Jun-25
163,160,6-Jul-25,6000,6000,Paid,11-Jun-25
164,156,6-Jun-25,6000,6000,Paid,11-Jun-25
165,163,11-Jul-25,7000,7000,Paid,13-Jun-25
166,99,10-Jul-25,6000,6000,Paid,12-Jun-25
167,127,8-Jun-25,6000,6000,Paid,13-Jun-25
168,139,14-Jul-25,3000,3000,Paid,16-Jun-25
169,71,15-Jul-25,7000,7000,Paid,16-Jun-25
170,8,15-Jul-25,5000,5000,Paid,16-Jun-25
171,90,24-Jul-25,6000,6000,Paid,16-Jun-25
172,10,15-Jul-25,6000,6000,Paid,16-Jun-25
173,59,17-Jul-25,3000,3000,Paid,18-Jun-25
174,161,18-Jul-25,6000,6000,Paid,18-Jun-25
175,73,18-Jul-25,5000,5000,Paid,18-Jun-25
176,118,18-Jul-25,3000,3000,Paid,18-Jun-25
177,97,20-Jul-25,3000,3000,Paid,21-Jun-25
178,17,20-Jul-25,3000,3000,Paid,25-Jun-25
179,115,20-Jul-25,3000,3000,Paid,25-Jun-25
180,108,10-Jul-25,3000,3000,Paid,26-Jun-25
181,85,25-Jul-25,3000,3000,Paid,26-Jun-25
182,14,26-Jul-25,6000,6000,Paid,26-Jun-25
183,27,22-Jul-25,6000,6000,Paid,26-Jun-25
184,142,15-Jul-25,3000,3000,Paid,27-Jun-25
185,80,18-Jul-25,3000,3000,Paid,27-Jun-25
186,40,27-Jul-25,3000,3000,Paid,27-Jun-25
187,25,27-Jul-25,3000,3000,Paid,27-Jun-25
188,24,27-Jul-25,3000,3000,Paid,27-Jun-25
189,43,29-Jul-25,3000,3000,Paid,28-Jun-25
190,67,1-Aug-25,3500,3500,Paid,1-Jul-25
191,117,1-Aug-25,3000,3000,Paid,1-Jul-25
192,122,31-Jul-25,12000,12000,Paid,2-Jul-25
193,101,2-Aug-25,6000,6000,Paid,3-Jul-25
194,37,3-Aug-25,3000,3000,Paid,3-Jul-25
195,186,4-Aug-25,7000,7000,Paid,3-Jul-25
196,176,3-Aug-25,3000,3000,Paid,4-Jul-25
197,154,6-Aug-25,3000,3000,Paid,7-Jul-25
198,182,2-Aug-25,3000,3000,Paid,7-Jul-25
199,125,7-Aug-25,3000,3000,Paid,7-Jul-25
200,128,8-Aug-25,3000,3000,Paid,7-Jul-25
201,65,7-Aug-25,3000,3000,Paid,7-Jul-25
202,192,5-Aug-25,2500,2500,Paid,7-Jul-25
203,61,4-Aug-25,5000,5000,Paid,7-Jul-25
204,69,10-Aug-25,5000,5000,Paid,7-Jul-25
205,193,10-Aug-25,3000,3000,Paid,8-Jul-25
206,60,4-Aug-25,3000,3000,Paid,8-Jul-25
207,84,31-Jul-25,3000,3000,Paid,9-Jul-25
208,160,6-Aug-25,6000,6000,Paid,9-Jul-25
209,146,17-Jun-25,3000,3000,Paid,10-Jul-25
210,71,15-Aug-25,7000,7000,Paid,11-Jul-25
211,52,12-Aug-25,3000,3000,Paid,12-Jul-25
212,51,12-Aug-25,3000,3000,Paid,12-Jul-25
213,196,11-Aug-25,4000,4000,Paid,12-Jul-25
214,197,11-Aug-25,4000,4000,Paid,12-Jul-25
215,108,10-Aug-25,3000,3000,Paid,12-Jul-25
216,194,11-Aug-25,3500,3500,Paid,14-Jul-25
217,152,10-Aug-25,3000,3000,Paid,14-Jul-25
218,155,10-Aug-25,3000,3000,Paid,14-Jul-25
219,139,12-Aug-25,3000,3000,Paid,14-Jul-25
220,216,18-Aug-25,3000,5000,Paid,14-Jul-25
221,204,11-Aug-25,4000,4000,Paid,14-Jul-25
222,59,17-Aug-25,3000,3000,Paid,14-Jul-25
223,201,12-Aug-25,3000,3000,Paid,14-Jul-25
224,149,10-Aug-25,6000,6000,Paid,15-Jul-25
225,156,6-Aug-25,6000,6000,Paid,15-Jul-25
226,191,5-Aug-25,2500,2500,Paid,15-Jul-25
227,205,13-Aug-25,3000,3000,Paid,15-Jul-25
228,206,1-Aug-25,3000,3000,Paid,15-Jul-25
229,47,15-Aug-25,3000,3000,Paid,17-Jul-25
230,188,16-Aug-25,6000,6000,Paid,18-Jul-25
231,131,10-Aug-25,4000,4000,Paid,18-Jul-25
232,115,20-Aug-25,3000,3000,Paid,18-Jul-25
233,104,28-Jul-25,3000,3000,Paid,18-Jul-25
234,212,16-Aug-25,6000,6000,Paid,19-Jul-25
235,209,13-Aug-25,3000,3000,Paid,19-Jul-25
236,98,20-Aug-25,3000,3000,Paid,21-Jul-25
237,202,13-Aug-25,3000,3000,Paid,21-Jul-25
238,198,12-Aug-25,3500,3500,Paid,21-Jul-25
239,200,12-Aug-25,3000,3000,Paid,21-Jul-25
240,213,18-Aug-25,7000,7000,Paid,21-Jul-25
241,10,15-Aug-25,6000,6000,Paid,21-Jul-25
242,17,20-Aug-25,3000,3000,Paid,21-Jul-25
243,90,24-Aug-25,6000,6000,Paid,21-Jul-25
244,215,18-Aug-25,3500,3500,Paid,22-Jul-25
245,29,22-Aug-25,3000,3000,Paid,22-Jul-25
246,112,23-Aug-25,3000,3000,Paid,23-Jul-25
247,219,23-Aug-25,3500,3500,Paid,23-Jul-25
248,221,24-Aug-25,6000,6000,Paid,24-Jul-25
249,132,20-Aug-25,4000,4000,Paid,24-Jul-25
250,199,12-Aug-25,3000,3000,Paid,24-Jul-25
251,176,3-Sep-25,3000,3000,Paid,24-Jul-25
252,220,23-Aug-25,2000,2000,Paid,24-Jul-25
253,77,25-Aug-25,3000,3000,Paid,25-Jul-25
254,43,29-Aug-25,3000,3000,Paid,25-Jul-25
255,14,26-Aug-25,6000,6000,Paid,26-Jul-25
256,142,15-Aug-25,3000,3000,Paid,26-Jul-25
257,73,18-Aug-25,5000,5000,Paid,28-Jul-25
258,8,20-Aug-25,5000,5000,Paid,28-Jul-25
259,146,17-Jul-25,3000,3000,Paid,28-Jul-25
260,149,10-Sep-25,6000,6000,Paid,30-Jul-25
261,86,29-Aug-25,6000,6000,Paid,30-Jul-25
262,24,27-Aug-25,3000,3000,Paid,30-Jul-25
263,25,27-Aug-25,3000,3000,Paid,30-Jul-25
264,40,27-Aug-25,3000,3000,Paid,30-Jul-25
265,80,18-Aug-25,3000,3000,Paid,30-Jul-25
266,27,22-Aug-25,6000,6000,Paid,30-Jul-25
267,224,25-Aug-25,6000,6000,Paid,30-Jul-25
268,161,18-Aug-25,6000,6000,Paid,30-Jul-25
269,93,30-Aug-25,4500,4500,Paid,31-Jul-25
270,235,31-Aug-25,3000,3000,Paid,1-Aug-25
271,101,2-Sep-25,6500,6500,Paid,1-Aug-25
272,97,20-Aug-25,3000,3000,Paid,1-Aug-25
273,153,1-Sep-25,6000,6000,Paid,1-Aug-25
274,84,31-Aug-25,3000,3000,Paid,2-Aug-25
275,154,6-Sep-25,3000,3000,Paid,4-Aug-25
276,32,4-Sep-25,3500,3500,Paid,4-Aug-25
277,61,4-Sep-25,5000,5000,Paid,4-Aug-25
278,69,4-Sep-25,5000,5000,Paid,4-Aug-25
279,146,5-Sep-25,3000,3000,Paid,4-Aug-25
280,239,31-Aug-25,3000,3000,Paid,4-Aug-25
281,107,5-Sep-25,3000,3000,Paid,5-Aug-25
282,237,31-Aug-25,6000,6000,Paid,5-Aug-25
283,222,5-Sep-25,3000,3000,Paid,5-Aug-25
284,37,3-Sep-25,3000,3000,Paid,5-Aug-25
285,251,6-Sep-25,3000,3000,Paid,6-Aug-25
286,230,30-Aug-25,3000,3000,Paid,6-Aug-25
287,248,6-Sep-25,3500,3500,Paid,7-Aug-25
288,247,6-Sep-25,3000,3000,Paid,7-Aug-25
289,65,7-Sep-25,3000,3000,Paid,7-Aug-25
290,104,6-Sep-25,3000,3000,Paid,7-Aug-25
291,246,3-Sep-25,3000,3000,Paid,7-Aug-25
292,139,12-Sep-25,3000,3000,Paid,8-Aug-25
293,186,4-Sep-25,3000,3000,Paid,9-Aug-25
294,125,7-Sep-25,3000,3000,Paid,9-Aug-25
295,128,8-Sep-25,3000,3000,Paid,9-Aug-25
296,256,11-Sep-25,3000,3000,Paid,9-Aug-25
297,196,11-Sep-25,4000,4000,Paid,11-Aug-25
298,197,11-Sep-25,4000,4000,Paid,11-Aug-25
299,253,10-Sep-25,6000,6000,Paid,11-Aug-25
300,160,6-Sep-25,6000,6000,Paid,11-Aug-25
301,156,6-Sep-25,6000,6000,Paid,11-Aug-25
302,108,10-Sep-25,3000,3000,Paid,12-Aug-25
303,259,17-Sep-25,3000,3000,Paid,12-Aug-25
304,191,5-Sep-25,2500,2500,Paid,12-Aug-25
305,254,11-Sep-25,3000,3000,Paid,13-Aug-25
306,257,13-Sep-25,3000,3000,Paid,13-Aug-25
307,52,12-Sep-25,3000,3000,Paid,15-Aug-25
308,115,20-Sep-25,3000,3000,Paid,15-Aug-25
309,10,15-Sep-25,6000,6000,Paid,15-Aug-25
310,262,22-Sep-25,3000,3000,Paid,16-Aug-25
311,192,5-Sep-25,2500,2500,Paid,16-Aug-25
312,71,15-Sep-25,6000,6000,Paid,18-Aug-25
313,152,10-Sep-25,3000,3000,Paid,18-Aug-25
314,131,10-Sep-25,4000,4000,Paid,18-Aug-25
315,90,24-Sep-25,6000,6000,Paid,18-Aug-25
316,63,20-Sep-25,3000,3000,Paid,20-Aug-25
317,243,20-Sep-25,3000,3000,Paid,20-Aug-25
318,67,20-Sep-25,5000,5000,Paid,20-Aug-25
319,142,15-Sep-25,3000,3000,Paid,20-Aug-25
320,215,18-Sep-25,3000,3000,Paid,21-Aug-25
321,236,22-Sep-25,3000,3000,Paid,22-Aug-25
322,27,22-Sep-25,6000,6000,Paid,22-Aug-25
323,17,20-Sep-25,3000,3000,Paid,23-Aug-25
324,73,18-Sep-25,5000,5000,Paid,23-Aug-25
325,265,23-Sep-25,6000,6000,Paid,23-Aug-25
326,220,23-Sep-25,2000,2000,Paid,24-Aug-25
327,132,20-Sep-25,4000,4000,Paid,25-Aug-25
328,219,23-Sep-25,3500,3500,Paid,25-Aug-25
329,176,3-Oct-25,3000,3000,Paid,25-Aug-25
330,213,18-Sep-25,7000,7000,Paid,25-Aug-25
331,163,25-Sep-25,7000,7000,Paid,25-Aug-25
332,119,25-Sep-25,3000,3000,Paid,25-Aug-25
333,269,29-Sep-25,3000,3000,Paid,26-Aug-25
334,155,26-Sep-25,3000,3000,Paid,26-Aug-25
335,252,26-Sep-25,5000,5000,Paid,26-Aug-25
336,43,29-Sep-25,3000,3000,Paid,26-Aug-25
337,129,26-Sep-25,2500,2500,Paid,26-Aug-25
338,14,26-Sep-25,6000,6000,Paid,27-Aug-25
339,261,25-Sep-25,6000,6000,Paid,27-Aug-25
340,29,22-Sep-25,3000,3000,Paid,27-Aug-25
341,260,21-Sep-25,3000,3000,Paid,27-Aug-25
342,206,27-Sep-25,3000,3000,Paid,27-Aug-25
343,36,27-Sep-25,3000,3000,Paid,27-Aug-25
344,224,25-Sep-25,6000,6000,Paid,28-Aug-25
345,268,27-Sep-25,3000,3000,Paid,29-Aug-25
346,98,20-Sep-25,2500,2500,Paid,29-Aug-25
347,271,29-Sep-25,6000,6000,Paid,29-Aug-25
348,272,29-Sep-25,12000,12000,Paid,30-Aug-25
349,273,29-Sep-25,9000,9000,Paid,30-Aug-25
350,270,29-Sep-25,3000,3000,Paid,30-Aug-25
351,24,27-Sep-25,3000,3000,Paid,30-Aug-25
352,25,27-Sep-25,3000,3000,Paid,30-Aug-25
353,40,27-Sep-25,3000,3000,Paid,30-Aug-25
354,47,15-Sep-25,3000,3000,Paid,1-Sep-25
355,221,24-Sep-25,3000,3000,Paid,1-Sep-25
356,292,4-Oct-25,6000,6000,Paid,1-Sep-25
357,86,29-Sep-25,6000,6000,Paid,1-Sep-25
358,84,30-Sep-25,3000,3000,Paid,1-Sep-25
359,118,1-Oct-25,3000,3000,Paid,1-Sep-25
360,276,29-Sep-25,3000,3000,Paid,1-Sep-25
361,54,2-Oct-25,8000,8000,Paid,2-Sep-25
362,115,2-Oct-25,6000,6000,Paid,2-Sep-25
363,284,30-Sep-25,3000,3000,Paid,2-Sep-25
364,153,1-Oct-25,6000,6000,Paid,2-Sep-25
365,182,2-Oct-25,3000,3000,Paid,3-Sep-25
366,240,2-Oct-25,3000,3000,Paid,3-Sep-25
367,285,2-Oct-25,3000,3000,Paid,3-Sep-25
368,205,2-Oct-25,3000,3000,Paid,3-Sep-25
369,301,6-Oct-25,8000,8000,Paid,4-Sep-25
370,61,4-Oct-25,5000,5000,Paid,4-Sep-25
371,69,4-Oct-25,5000,5000,Paid,4-Sep-25
372,97,1-Oct-25,3000,3000,Paid,4-Sep-25
373,230,30-Sep-25,3000,3000,Paid,4-Sep-25
374,263,5-Oct-25,6000,6000,Paid,5-Sep-25
375,146,5-Oct-25,3000,3000,Paid,5-Sep-25
376,237,1-Oct-25,6000,6000,Paid,8-Sep-25
377,154,6-Oct-25,3000,3000,Paid,8-Sep-25
378,248,6-Oct-25,3000,3000,Paid,8-Sep-25
379,32,4-Oct-25,5000,5000,Paid,8-Sep-25
380,287,4-Oct-25,6000,6000,Paid,8-Sep-25
381,306,7-Oct-25,7000,7000,Paid,8-Sep-25
382,291,4-Oct-25,6000,6000,Paid,8-Sep-25
383,65,7-Oct-25,3000,3000,Paid,8-Sep-25
384,191,5-Oct-25,2500,2500,Paid,8-Sep-25
385,160,6-Oct-25,3000,3000,Paid,9-Sep-25
386,156,6-Oct-25,3000,3000,Paid,9-Sep-25
387,256,11-Oct-25,3000,3000,Paid,9-Sep-25
388,193,10-Oct-25,3000,3000,Paid,10-Sep-25
389,93,10-Oct-25,5000,5000,Paid,10-Sep-25
390,235,1-Oct-25,3000,3000,Paid,10-Sep-25
391,300,5-Oct-25,5000,5000,Paid,10-Sep-25
392,304,6-Oct-25,6000,6000,Paid,10-Sep-25
393,239,1-Oct-25,3000,3000,Paid,10-Sep-25
394,253,10-Oct-25,6000,6000,Paid,11-Sep-25
395,186,4-Oct-25,3000,3000,Paid,11-Sep-25
396,128,8-Oct-25,3000,3000,Paid,11-Sep-25
397,125,7-Oct-25,3000,3000,Paid,11-Sep-25
398,196,11-Oct-25,5500,5500,Paid,12-Sep-25
399,127,12-Oct-25,5500,5500,Paid,12-Sep-25
400,307,10-Oct-25,3000,3000,Paid,12-Sep-25
401,257,13-Oct-25,3000,3000,Paid,13-Sep-25
402,299,5-Oct-25,6000,6000,Paid,13-Sep-25
403,152,10-Oct-25,3000,3000,Paid,15-Sep-25
404,71,15-Oct-25,3000,3000,Paid,15-Sep-25
405,313,12-Oct-25,9000,9000,Paid,15-Sep-25
406,10,15-Oct-25,6000,6000,Paid,15-Sep-25
407,277,10-Oct-25,3000,3000,Paid,15-Sep-25
408,47,15-Oct-25,3000,3000,Paid,16-Sep-25
409,189,15-Oct-25,3000,3000,Paid,17-Sep-25
410,243,20-Oct-25,5500,5500,Paid,17-Sep-25
411,37,15-Oct-25,3000,3000,Paid,17-Sep-25
412,139,12-Oct-25,3000,3000,Paid,19-Sep-25
413,42,19-Oct-25,3000,3000,Paid,19-Sep-25
414,321,17-Oct-25,3000,3000,Paid,20-Sep-25
415,108,22-Oct-25,3000,3000,Paid,22-Sep-25
416,213,18-Oct-25,7000,7000,Paid,22-Sep-25
417,215,18-Oct-25,3000,3000,Paid,23-Sep-25
418,262,22-Oct-25,3000,3000,Paid,23-Sep-25
419,322,20-Oct-25,7000,7000,Paid,23-Sep-25
420,265,23-Oct-25,6000,6000,Paid,23-Sep-25
421,2,23-Oct-25,3000,3000,Paid,23-Sep-25
422,109,23-Oct-25,3500,3500,Paid,23-Sep-25
423,17,20-Oct-25,3000,3000,Paid,24-Sep-25
424,176,3-Nov-25,3000,3000,Paid,24-Sep-25
425,216,18-Sep-25,3000,3000,Paid,24-Sep-25
426,216,20-Oct-25,3000,3000,Paid,24-Sep-25
427,274,24-Oct-25,2000,2000,Paid,24-Sep-25
428,220,23-Oct-25,2000,2000,Paid,24-Sep-25
429,27,22-Oct-25,4000,4000,Paid,26-Sep-25
430,43,29-Oct-25,3000,3000,Paid,26-Sep-25
431,325,24-Oct-25,3000,3000,Paid,26-Sep-25
432,327,26-Oct-25,5500,5500,Paid,28-Sep-25
433,155,2-Nov-25,3000,3000,Paid,29-Sep-25
434,330,26-Oct-25,3000,3000,Paid,29-Sep-25
435,291,29-Oct-25,8000,8000,Paid,29-Sep-25
436,271,29-Oct-25,6000,6000,Paid,30-Sep-25
437,306,7-Nov-25,8000,8000,Paid,30-Sep-25
438,261,25-Oct-25,6000,6000,Paid,30-Sep-25
439,305,1-Nov-25,10000,10000,Paid,1-Oct-25
440,270,29-Oct-25,3000,3000,Paid,1-Oct-25
441,250,1-Nov-25,3500,3500,Paid,1-Oct-25
442,221,24-Oct-25,3000,3000,Paid,1-Oct-25
443,18,1-Nov-25,3000,3000,Paid,1-Oct-25
444,273,29-Oct-25,9000,9000,Paid,1-Oct-25
445,272,29-Oct-25,12000,12000,Paid,1-Oct-25
446,206,27-Oct-25,3000,3000,Paid,1-Oct-25
447,24,27-Oct-25,3000,3000,Paid,1-Oct-25
448,40,27-Oct-25,3000,3000,Paid,1-Oct-25
449,25,27-Oct-25,3000,3000,Paid,1-Oct-25
450,333,29-Oct-25,3000,3000,Paid,1-Oct-25
451,284,30-Oct-25,3000,3000,Paid,2-Oct-25
452,224,25-Oct-25,6000,6000,Paid,3-Oct-25
453,230,30-Oct-25,3000,3000,Paid,3-Oct-25
454,285,2-Nov-25,5000,5000,Paid,5-Oct-25
455,154,6-Nov-25,3000,3000,Paid,6-Oct-25
456,336,3-Nov-25,4000,4000,Paid,6-Oct-25
457,292,4-Nov-25,6000,6000,Paid,6-Oct-25
458,73,18-Oct-25,5000,5000,Paid,6-Oct-25
459,115,2-Nov-25,6000,6000,Paid,6-Oct-25
460,29,22-Oct-25,3000,3000,Paid,8-Oct-25
461,260,21-Oct-25,3000,3000,Paid,8-Oct-25
462,300,5-Nov-25,5000,5000,Paid,8-Oct-25
463,65,7-Nov-25,3000,3000,Paid,8-Oct-25
464,299,5-Nov-25,6000,6000,Paid,8-Oct-25
465,331,28-Oct-25,3000,3000,Paid,8-Oct-25
466,128,8-Nov-25,3000,3000,Paid,8-Oct-25
467,239,1-Nov-25,3000,3000,Paid,8-Oct-25
468,146,5-Nov-25,3000,3000,Paid,8-Oct-25
469,334,2-Nov-25,3000,3000,Paid,10-Oct-25
470,193,10-Nov-25,3000,3000,Paid,10-Oct-25
471,328,26-Oct-25,4000,4000,Paid,10-Oct-25
472,127,12-Nov-25,6000,6000,Paid,10-Oct-25
473,160,6-Nov-25,6000,6000,Paid,10-Oct-25
474,125,7-Nov-25,3000,3000,Paid,10-Oct-25
475,156,6-Nov-25,6000,6000,Paid,10-Oct-25
476,86,29-Oct-25,6000,6000,Paid,10-Oct-25
477,237,1-Nov-25,6000,6000,Paid,10-Oct-25
478,93,10-Nov-25,6000,6000,Paid,10-Oct-25
479,301,6-Nov-25,6000,6000,Paid,10-Oct-25
480,323,21-Oct-25,7000,7000,Paid,10-Oct-25
481,256,11-Nov-25,3000,3000,Paid,10-Oct-25
482,307,10-Nov-25,3000,3000,Paid,11-Oct-25
483,186,4-Nov-25,3000,3000,Paid,11-Oct-25
484,304,6-Nov-25,8000,8000,Paid,11-Oct-25
485,287,4-Nov-25,4000,4000,Paid,13-Oct-25
486,309,11-Nov-25,5000,5000,Paid,14-Oct-25
487,152,10-Nov-25,3000,3000,Paid,14-Oct-25
488,98,31-Oct-25,2500,2500,Paid,14-Oct-25
489,313,12-Nov-25,9000,9000,Paid,15-Oct-25
490,347,20-Nov-25,8000,8000,Paid,17-Oct-25
491,253,10-Nov-25,6000,6000,Paid,17-Oct-25
492,196,11-Nov-25,3000,3000,Paid,20-Oct-25
493,42,19-Nov-25,3000,3000,Paid,20-Oct-25
494,108,22-Nov-25,3000,3000,Paid,20-Oct-25
495,321,17-Nov-25,3000,3000,Paid,20-Oct-25
496,277,10-Nov-25,5000,5000,Paid,20-Oct-25
497,32,20-Nov-25,5000,5000,Paid,22-Oct-25
498,243,20-Nov-25,5500,5500,Paid,22-Oct-25
499,280,15-Nov-25,6000,6000,Paid,22-Oct-25
500,189,15-Nov-25,3000,3000,Paid,23-Oct-25
501,350,22-Nov-25,3000,3000,Paid,23-Oct-25
502,37,15-Nov-25,3000,3000,Paid,23-Oct-25
503,27,22-Nov-25,4000,4000,Paid,23-Oct-25
504,348,22-Nov-25,6000,6000,Paid,23-Oct-25
505,73,18-Nov-25,5000,5000,Paid,23-Oct-25
506,269,25-Nov-25,3000,3000,Paid,24-Oct-25
507,341,10-Nov-25,7000,7000,Paid,24-Oct-25
508,355,24-Nov-25,12000,12000,Paid,24-Oct-25
509,176,3-Dec-25,3000,3000,Paid,24-Oct-25
510,322,20-Nov-25,7000,7000,Paid,24-Oct-25
511,349,22-Nov-25,3000,3000,Paid,24-Oct-25
512,265,23-Nov-25,7500,7500,Paid,24-Oct-25
513,43,29-Nov-25,3000,3000,Paid,25-Oct-25
514,220,23-Nov-25,2000,2000,Paid,25-Oct-25
515,325,24-Nov-25,3000,3000,Paid,25-Oct-25
516,249,25-Nov-25,3000,3000,Paid,28-Oct-25
517,109,23-Nov-25,3500,3000,Paid,30-Oct-25
518,327,26-Nov-25,5500,5500,Paid,30-Oct-25
519,17,20-Nov-25,3000,3000,Paid,30-Oct-25
520,271,29-Nov-25,6000,6000,Paid,31-Oct-25
521,272,29-Nov-25,9000,9000,Paid,31-Oct-25
522,273,29-Nov-25,7000,7000,Paid,31-Oct-25
523,357,29-Nov-25,3000,3000,Paid,31-Oct-25
524,330,26-Nov-25,3000,3000,Paid,1-Nov-25
525,206,27-Nov-25,3000,3000,Paid,1-Nov-25
526,352,23-Nov-25,6000,6000,Paid,1-Nov-25
527,356,24-Nov-25,6000,6000,Paid,1-Nov-25
528,371,7-Dec-25,3000,3000,Paid,1-Nov-25
529,358,30-Nov-25,4000,4000,Paid,5-Nov-25
530,261,25-Nov-25,6000,6000,Paid,5-Nov-25
531,67,20-Nov-25,2500,2500,Paid,5-Nov-25
532,360,30-Nov-25,3000,3000,Paid,5-Nov-25
533,362,1-Dec-25,3000,3000,Paid,5-Nov-25
534,230,30-Nov-25,3000,3000,Paid,5-Nov-25
535,115,2-Dec-25,3000,3000,Paid,5-Nov-25
536,18,1-Dec-25,3000,3000,Paid,5-Nov-25
537,370,7-Dec-25,3000,3000,Paid,5-Nov-25
538,237,1-Dec-25,6000,6000,Paid,6-Nov-25
539,154,6-Dec-25,3000,3000,Paid,7-Nov-25
540,336,3-Dec-25,4000,4000,Paid,7-Nov-25
541,306,7-Dec-25,8000,8000,Paid,7-Nov-25
542,291,30-Nov-25,8000,8000,Paid,7-Nov-25
543,361,1-Dec-25,3000,3000,Paid,7-Nov-25
544,351,1-Dec-25,6000,6000,Paid,7-Nov-25
545,160,6-Dec-25,6000,6000,Paid,7-Nov-25
546,379,13-Dec-25,8000,8000,Paid,11-Nov-25
547,127,12-Dec-25,6000,6000,Paid,11-Nov-25
548,128,8-Dec-25,3000,3000,Paid,11-Nov-25
549,363,2-Dec-25,5000,5000,Paid,11-Nov-25
550,256,11-Dec-25,3000,3000,Paid,11-Nov-25
551,299,5-Dec-25,7500,7500,Paid,11-Nov-25
552,219,10-Dec-25,3500,3000,Paid,11-Nov-25
553,369,7-Dec-25,3000,3000,Paid,11-Nov-25
554,292,4-Dec-25,3000,3000,Paid,11-Nov-25
555,364,2-Dec-25,2500,2500,Paid,12-Nov-25
556,365,2-Dec-25,3000,3000,Paid,12-Nov-25
557,125,7-Dec-25,3000,3000,Paid,15-Nov-25
558,193,10-Dec-25,4500,4500,Paid,15-Nov-25
559,301,6-Dec-25,6000,6000,Paid,15-Nov-25
560,186,4-Dec-25,3000,3000,Paid,15-Nov-25
561,246,13-Dec-25,3000,3000,Paid,15-Nov-25
562,304,6-Dec-25,8000,8000,Paid,15-Nov-25
563,189,15-Dec-25,4500,4500,Paid,15-Nov-25
564,152,10-Dec-25,3000,3000,Paid,18-Nov-25
565,386,19-Dec-25,7000,7000,Paid,18-Nov-25
566,86,17-Dec-25,3000,3000,Paid,18-Nov-25
567,104,18-Dec-25,3000,3000,Paid,19-Nov-25
568,380,13-Dec-25,3000,3000,Paid,19-Nov-25
569,347,20-Dec-25,8000,8000,Paid,20-Nov-25
570,383,14-Dec-25,9000,9000,Paid,20-Nov-25
571,240,18-Dec-25,2500,2500,Paid,20-Nov-25
572,372,9-Dec-25,7000,7000,Paid,23-Nov-25
573,384,14-Dec-25,7000,7000,Paid,23-Nov-25
574,322,20-Dec-25,7000,7000,Paid,23-Nov-25
575,269,25-Dec-25,3000,3000,Paid,23-Nov-25
576,334,10-Dec-25,3000,3000,Paid,23-Nov-25
577,374,15-Dec-25,3000,3000,Paid,24-Nov-25
578,307,15-Dec-25,3000,3000,Paid,24-Nov-25
579,323,21-Dec-25,7000,7000,Paid,24-Nov-25
580,176,3-Jan-26,3000,3000,Paid,25-Nov-25
581,321,17-Dec-25,3000,3000,Paid,26-Nov-25
582,350,22-Dec-25,3000,3000,Paid,26-Nov-25
583,341,10-Dec-25,7000,7000,Paid,26-Nov-25
584,341,10-Jan-26,7000,7000,Paid,26-Nov-25
585,355,24-Dec-25,12000,12000,Paid,26-Nov-25
586,27,22-Dec-25,4000,4000,Paid,26-Nov-25
587,108,22-Dec-25,3000,3000,Paid,26-Nov-25
588,52,26-Dec-25,2500,2500,Paid,29-Nov-25
589,257,26-Dec-25,2500,2500,Paid,29-Nov-25
590,98,27-Dec-25,2500,2500,Paid,29-Nov-25
591,349,22-Dec-25,3000,3000,Paid,29-Nov-25
592,17,20-Dec-25,3000,3000,Paid,29-Nov-25
593,43,29-Dec-25,3000,3000,Paid,29-Nov-25
594,385,1-Jan-26,6000,6000,Paid,2-Dec-25
595,313,1-Jan-26,9000,9000,Paid,2-Dec-25
596,206,27-Dec-25,3000,3000,Paid,2-Dec-25
597,392,22-Dec-25,3000,3000,Paid,2-Dec-25
598,391,1-Jan-26,5000,5000,Paid,2-Dec-25
599,224,25-Nov-25,3000,3000,Paid,2-Dec-25
600,224,1-Jan-26,3000,3000,Paid,2-Dec-25
601,109,23-Dec-25,3500,4000,Paid,2-Dec-25
602,325,24-Dec-25,7000,7000,Paid,2-Dec-25
603,371,7-Jan-26,3000,3000,Paid,2-Dec-25
604,18,1-Jan-26,3000,3000,Paid,3-Dec-25
605,230,31-Dec-25,3000,3000,Paid,3-Dec-25
606,396,29-Dec-25,9000,9000,Paid,4-Dec-25
607,395,29-Dec-25,9000,9000,Paid,4-Dec-25
608,115,2-Jan-26,3000,3000,Paid,4-Dec-25
609,360,30-Dec-25,6000,6000,Paid,4-Dec-25
610,362,1-Jan-26,6000,6000,Paid,4-Dec-25
611,369,7-Jan-26,3000,3000,Paid,6-Dec-25
612,292,4-Jan-26,6000,6000,Paid,6-Dec-25
613,400,5-Jan-26,3000,3000,Paid,6-Dec-25
614,365,2-Jan-26,3000,3000,Paid,6-Dec-25
615,364,2-Jan-26,2000,2000,Paid,6-Dec-25
616,403,7-Jan-26,6000,6000,Paid,6-Dec-25
617,235,5-Jan-26,3000,3000,Paid,9-Dec-25
618,152,10-Jan-26,4500,4500,Paid,9-Dec-25
619,128,8-Jan-26,3000,3000,Paid,9-Dec-25
620,306,7-Jan-26,8000,8000,Paid,9-Dec-25
621,327,26-Dec-25,4000,4000,Paid,10-Dec-25
622,186,4-Jan-26,3000,3000,Paid,10-Dec-25
623,370,7-Jan-26,3000,3000,Paid,10-Dec-25
624,156,6-Jan-26,6000,6000,Paid,10-Dec-25
625,160,6-Jan-26,6000,6000,Paid,10-Dec-25
626,299,5-Jan-26,7500,7500,Paid,10-Dec-25
627,237,1-Jan-26,6000,6000,Paid,11-Dec-25
628,154,6-Jan-26,3000,3000,Paid,11-Dec-25
629,401,5-Jan-26,2500,2500,Paid,11-Dec-25
630,348,6-Jan-26,6000,6000,Paid,11-Dec-25
631,304,6-Jan-26,9000,9000,Paid,11-Dec-25
632,405,11-Jan-26,6000,6000,Paid,12-Dec-25
633,402,6-Jan-26,6000,6000,Paid,8-Dec-25
634,127,12-Jan-26,3000,3000,Paid,13-Dec-25
635,406,11-Jan-26,7000,7000,Paid,13-Dec-25
636,125,7-Jan-26,3000,3000,Paid,13-Dec-25
637,301,6-Jan-26,4000,4000,Paid,15-Dec-25
638,256,11-Jan-26,3000,3000,Paid,15-Dec-25
639,330,31-Dec-25,3000,3000,Paid,15-Dec-25
640,379,13-Jan-26,8000,8000,Paid,16-Dec-25
641,383,14-Jan-26,9000,9000,Paid,16-Dec-25
642,271,16-Jan-26,6000,6000,Paid,16-Dec-25
643,40,10-Jan-26,3000,3000,Paid,16-Dec-25
644,24,10-Jan-26,3000,3000,Paid,16-Dec-25
645,25,10-Jan-26,3000,3000,Paid,16-Dec-25
646,380,13-Jan-26,3000,3000,Paid,16-Dec-25
647,408,15-Jan-26,7000,7000,Paid,16-Dec-25
648,219,10-Jan-26,3000,3500,Paid,18-Dec-25
649,386,19-Jan-26,8000,8000,Paid,18-Dec-25
650,357,15-Jan-26,3000,3000,Paid,18-Dec-25
651,163,15-Jan-26,7000,7000,Paid,18-Dec-25
652,409,15-Jan-26,3000,3000,Paid,18-Dec-25
653,253,15-Jan-26,8000,8000,Paid,18-Dec-25
654,372,9-Jan-26,7000,7000,Paid,18-Dec-25
655,374,15-Jan-26,2500,2500,Paid,20-Dec-25
656,347,20-Jan-26,8000,8000,Paid,21-Dec-25
657,81,19-Jan-26,11000,11000,Paid,21-Dec-25
658,322,22-Jan-26,7000,7000,Paid,22-Dec-25
659,321,17-Jan-26,6000,6000,Paid,22-Dec-25
660,265,19-Jan-26,7500,7500,Paid,22-Dec-25
661,412,20-Jan-26,8000,8000,Paid,24-Dec-25
662,413,20-Jan-26,8000,8000,Paid,24-Dec-25
663,336,10-Jan-26,4000,4000,Paid,25-Dec-25
664,108,22-Jan-26,3000,3000,Paid,25-Dec-25
665,176,3-Feb-26,3000,3000,Paid,25-Dec-25
666,269,25-Jan-26,2500,2500,Paid,25-Dec-25
667,86,17-Jan-26,3000,3000,Paid,25-Dec-25
668,384,20-Jan-26,7000,7000,Paid,25-Dec-25
669,334,10-Jan-26,3000,3000,Paid,26-Dec-25
670,414,10-Jan-26,4500,4500,Paid,27-Dec-25
671,17,20-Jan-26,3000,3000,Paid,30-Dec-25
672,189,15-Jan-26,3000,3000,Paid,30-Dec-25
673,418,25-Jan-26,7500,7500,Paid,30-Dec-25
674,419,25-Jan-26,2000,2000,Paid,30-Dec-25
675,420,26-Jan-26,2000,2000,Paid,30-Dec-25
676,246,15-Jan-26,3000,3000,Paid,31-Dec-25
677,411,20-Jan-26,2500,2500,Paid,31-Dec-25
678,240,18-Jan-26,2500,2500,Paid,31-Dec-25
679,67,1-Feb-26,4000,4000,Paid,3-Jan-26
680,421,1-Feb-26,6000,6000,Paid,3-Jan-26
681,355,24-Jan-26,12000,12000,Paid,3-Jan-26
682,230,31-Jan-26,3000,3000,Paid,3-Jan-26
683,391,1-Feb-26,5000,5000,Paid,4-Jan-26
684,392,22-Jan-26,3000,3000,Paid,4-Jan-26
685,423,1-Feb-26,6000,6000,Paid,4-Jan-26
686,428,5-Feb-26,9000,9000,Paid,6-Jan-26
687,115,2-Feb-26,3000,3000,Paid,6-Jan-26
688,400,5-Feb-26,3000,3000,Paid,6-Jan-26
689,154,6-Feb-26,3000,3000,Paid,6-Jan-26
690,224,1-Feb-26,3000,3000,Paid,6-Jan-26
691,127,12-Feb-26,8000,8000,Paid,10-Jan-26
692,425,1-Feb-26,12000,12000,Paid,10-Jan-26
693,371,7-Feb-26,3000,3000,Paid,10-Jan-26
694,370,7-Feb-26,3000,3000,Paid,10-Jan-26
695,396,29-Jan-26,9000,9000,Paid,10-Jan-26
696,395,29-Jan-26,9000,9000,Paid,10-Jan-26
697,306,7-Feb-26,8000,8000,Paid,10-Jan-26
698,426,3-Feb-26,4000,4000,Paid,10-Jan-26
699,186,4-Feb-26,3000,3000,Paid,10-Jan-26
700,237,1-Feb-26,6000,6000,Paid,10-Jan-26
701,257,26-Jan-26,2500,2500,Paid,10-Jan-26
702,156,6-Feb-26,6000,6000,Paid,10-Jan-26
703,427,5-Feb-26,2500,2500,Paid,11-Jan-26
704,365,2-Feb-26,2500,2500,Paid,11-Jan-26
705,193,10-Feb-26,4500,4500,Paid,13-Jan-26
706,405,11-Feb-26,6000,6000,Paid,13-Jan-26
707,125,7-Feb-26,3000,3000,Paid,13-Jan-26
708,256,11-Feb-26,3000,3000,Paid,13-Jan-26
709,304,6-Feb-26,9000,9000,Paid,13-Jan-26
710,369,7-Feb-26,3000,3000,Paid,13-Jan-26
711,287,9-Feb-26,6000,6000,Paid,13-Jan-26
712,160,6-Feb-26,6000,6000,Paid,13-Jan-26
713,406,11-Feb-26,7000,7000,Paid,13-Jan-26
714,220,10-Feb-26,2500,2500,Paid,13-Jan-26
715,313,1-Feb-26,9000,9000,Paid,13-Jan-26
716,437,9-Feb-26,2000,2000,Paid,14-Jan-26
717,379,13-Feb-26,6000,6000,Paid,14-Jan-26
718,438,11-Feb-26,3000,3000,Paid,14-Jan-26
719,434,9-Feb-26,2500,2500,Paid,14-Jan-26
720,24,10-Feb-26,3000,3000,Paid,14-Jan-26
721,25,10-Feb-26,3000,3000,Paid,14-Jan-26
722,40,10-Feb-26,3000,3000,Paid,14-Jan-26
723,43,29-Jan-26,3000,3000,Paid,14-Jan-26
724,52,26-Jan-26,2500,2500,Paid,15-Jan-26
725,219,10-Feb-26,3000,3000,Paid,16-Jan-26
726,380,13-Feb-26,3000,3000,Paid,16-Jan-26
727,433,9-Feb-26,2500,2500,Paid,16-Jan-26
728,430,9-Feb-26,5000,5000,Paid,16-Jan-26
729,432,9-Feb-26,5000,5000,Paid,16-Jan-26
730,383,14-Feb-26,9000,9000,Paid,17-Jan-26
731,163,15-Feb-26,7000,7000,Paid,17-Jan-26
732,347,20-Feb-26,8000,8000,Paid,20-Jan-26
733,386,19-Feb-26,8000,8000,Paid,20-Jan-26
734,271,16-Feb-26,6000,6000,Paid,20-Jan-26
735,84,15-Feb-26,3000,3000,Paid,20-Jan-26
736,27,22-Feb-26,4000,4000,Paid,21-Jan-26
737,450,23-Feb-26,5000,5000,Paid,23-Jan-26
738,290,23-Feb-26,12000,12000,Paid,23-Jan-26
739,176,3-Mar-26,3000,3000,Paid,23-Jan-26
740,348,25-Feb-26,4000,4000,Paid,26-Jan-26
741,322,22-Feb-26,7000,7000,Paid,26-Jan-26
742,466,3-Mar-26,5000,5000,Paid,26-Jan-26
743,418,25-Feb-26,5000,5000,Paid,26-Jan-26
744,451,24-Feb-26,3000,3000,Paid,28-Jan-26
745,448,22-Feb-26,10000,10000,Paid,28-Jan-26
746,17,20-Feb-26,3000,3000,Paid,28-Jan-26
747,349,22-Jan-26,5000,5000,Paid,28-Jan-26
748,412,20-Feb-26,8000,8000,Paid,28-Jan-26
749,336,10-Feb-26,4000,4000,Paid,30-Jan-26
750,43,28-Feb-26,3000,3000,Paid,30-Jan-26
751,447,21-Feb-26,2500,2500,Paid,30-Jan-26
752,452,24-Feb-26,7000,7000,Paid,30-Jan-26
753,456,28-Feb-26,6000,6000,Paid,30-Jan-26
754,457,28-Feb-26,6000,6000,Paid,30-Jan-26
755,461,28-Feb-26,4000,4000,Paid,30-Jan-26
756,116,2-Mar-26,3000,3000,Paid,3-Feb-26
757,392,1-Mar-26,3000,3000,Paid,3-Feb-26
758,391,1-Mar-26,5000,5000,Paid,3-Feb-26
759,301,28-Feb-26,4000,4000,Paid,3-Feb-26
760,128,3-Mar-26,3000,3000,Paid,3-Feb-26
761,230,28-Feb-26,3000,3000,Paid,3-Feb-26
762,421,1-Mar-26,6000,6000,Paid,5-Feb-26
763,395,1-Mar-26,9000,9000,Paid,5-Feb-26
764,396,1-Mar-26,9000,9000,Paid,5-Feb-26
765,224,1-Mar-26,3000,3000,Paid,5-Feb-26
766,115,2-Mar-26,3000,3000,Paid,5-Feb-26
767,465,2-Mar-26,5000,5000,Paid,5-Feb-26
768,237,1-Mar-26,6000,6000,Paid,7-Feb-26
769,428,5-Mar-26,9000,9000,Paid,7-Feb-26
770,463,2-Mar-26,2500,2500,Paid,7-Feb-26
771,434,9-Mar-26,2500,2500,Paid,10-Feb-26
772,304,6-Mar-26,9000,9000,Paid,10-Feb-26
773,401,9-Mar-26,2500,2500,Paid,10-Feb-26
774,449,9-Mar-26,4500,4500,Paid,10-Feb-26
775,477,15-Mar-26,7000,7000,Paid,10-Feb-26
776,325,9-Mar-26,5000,5000,Paid,10-Feb-26
777,154,6-Mar-26,3000,3000,Paid,10-Feb-26
778,306,7-Mar-26,8000,8000,Paid,10-Feb-26
779,462,7-Mar-26,3000,3000,Paid,10-Feb-26
780,125,10-Mar-26,3000,3000,Paid,10-Feb-26
781,437,9-Mar-26,2000,2000,Paid,12-Feb-26
782,156,6-Mar-26,3000,3000,Paid,12-Feb-26
783,160,6-Mar-26,3000,3000,Paid,12-Feb-26
784,382,11-Mar-26,3000,3000,Paid,12-Feb-26
785,235,10-Mar-26,3000,3000,Paid,12-Feb-26
786,469,9-Mar-26,2500,2500,Paid,12-Feb-26
787,313,1-Mar-26,9000,9000,Paid,12-Feb-26
788,104,12-Mar-26,3000,3000,Paid,13-Feb-26
789,475,15-Mar-26,6000,6000,Paid,13-Feb-26
790,473,12-Mar-26,6000,6000,Paid,13-Feb-26
791,193,10-Mar-26,3000,3000,Paid,13-Feb-26
792,470,9-Mar-26,7000,7000,Paid,13-Feb-26
793,379,13-Mar-26,6000,6000,Paid,17-Feb-26
794,256,11-Mar-26,3000,3000,Paid,17-Feb-26
795,474,13-Mar-26,3000,3000,Paid,17-Feb-26
796,468,10-Mar-26,8000,8000,Paid,17-Feb-26
797,287,13-Mar-26,6000,6000,Paid,17-Feb-26
798,380,13-Mar-26,3000,3000,Paid,17-Feb-26
799,271,16-Mar-26,6000,6000,Paid,17-Feb-26
800,163,15-Mar-26,7000,7000,Paid,17-Feb-26
801,347,20-Mar-26,6000,6000,Paid,18-Feb-26
802,24,10-Mar-26,3000,3000,Paid,18-Feb-26
803,25,10-Mar-26,3000,3000,Paid,18-Feb-26
804,40,10-Mar-26,3000,3000,Paid,18-Feb-26
805,71,18-Mar-26,2500,2500,Paid,18-Feb-26
806,418,25-Mar-26,5000,5000,Paid,18-Feb-26
807,112,24-Mar-26,3000,3000,Paid,26-Feb-26
808,409,20-Mar-26,3000,3000,Paid,26-Feb-26
809,189,25-Mar-26,3000,3000,Paid,26-Feb-26
810,176,3-Apr-26,3000,3000,Paid,26-Feb-26
811,240,25-Mar-26,3000,3000,Paid,28-Feb-26
812,241,25-Mar-26,2500,2500,Paid,28-Feb-26
813,450,23-Mar-26,5000,5000,Paid,28-Feb-26
814,242,25-Mar-26,2500,2500,Paid,28-Feb-26
815,452,24-Mar-26,7000,7000,Paid,28-Feb-26
816,457,28-Mar-26,6000,6000,Paid,4-Mar-26
817,456,28-Mar-26,6000,6000,Paid,4-Mar-26
818,395,1-Apr-26,9000,9000,Paid,4-Mar-26
819,43,28-Mar-26,3000,3000,Paid,4-Mar-26
820,306,7-Apr-26,8000,8000,Paid,4-Mar-26
821,313,1-Apr-26,9000,9000,Paid,4-Mar-26
822,93,2-Apr-26,3000,3000,Paid,7-Mar-26
823,463,2-Apr-26,2500,2500,Paid,7-Mar-26
824,349,4-Apr-26,5000,5000,Paid,7-Mar-26
825,486,2-Apr-26,2500,2500,Paid,7-Mar-26
826,487,2-Apr-26,2500,2500,Paid,7-Mar-26
827,400,5-Apr-26,3000,3000,Paid,7-Mar-26
828,437,9-Apr-26,2000,2000,Paid,7-Mar-26
829,428,5-Apr-26,7000,7000,Paid,9-Mar-26
830,154,6-Apr-26,3000,3000,Paid,9-Mar-26
831,115,2-Apr-26,3000,3000,Paid,9-Mar-26
832,237,1-Apr-26,6000,6000,Paid,9-Mar-26
833,392,1-Apr-26,3000,3000,Paid,10-Mar-26
834,391,1-Apr-26,5000,5000,Paid,10-Mar-26
835,160,6-Apr-26,3000,3000,Paid,13-Mar-26
836,325,9-Apr-26,3000,3000,Paid,13-Mar-26
837,355,10-Apr-26,12000,12000,Paid,13-Mar-26
838,256,11-Apr-26,3000,3000,Paid,13-Mar-26
839,489,11-Apr-26,6000,6000,Paid,13-Mar-26
840,477,15-Apr-26,7000,7000,Paid,15-Mar-26
841,186,14-Apr-26,3000,3000,Paid,15-Mar-26
842,125,10-Apr-26,3000,3000,Paid,15-Mar-26
843,271,16-Apr-26,6000,6000,Paid,18-Mar-26
844,24,10-Apr-26,3000,3000,Paid,18-Mar-26
845,40,10-Apr-26,3000,3000,Paid,18-Mar-26
846,25,10-Apr-26,3000,3000,Paid,18-Mar-26
847,304,6-Apr-26,10000,10000,Paid,18-Mar-26
848,176,3-May-26,3000,3000,Paid,25-Mar-26
849,17,20-Apr-26,3000,3000,Paid,25-Mar-26
850,330,23-Apr-26,3000,3000,Paid,25-Mar-26
851,461,23-Apr-26,4000,4000,Paid,25-Mar-26
852,469,24-Apr-26,2500,2500,Paid,25-Mar-26
853,449,10-Apr-26,4500,4500,Paid,27-Mar-26
854,290,25-Apr-26,12000,12000,Paid,27-Mar-26
855,290,25-May-26,11000,11000,Paid,27-Mar-26
856,290,25-Jun-26,11000,11000,Paid,27-Mar-26
857,488,25-Apr-26,2500,2500,Paid,27-Mar-26
858,498,24-Apr-26,3000,3000,Paid,27-Mar-26
859,485,2-Apr-26,6000,6000,Paid,27-Mar-26
860,485,2-May-26,6000,6000,Paid,27-Mar-26
861,128,30-Apr-26,3000,3000,Paid,31-Mar-26
862,406,30-Apr-26,6000,6000,Paid,31-Mar-26
863,43,28-Apr-26,3000,3000,Paid,31-Mar-26
864,149,30-Apr-26,6000,6000,Paid,31-Mar-26
865,379,15-Apr-26,6000,6000,Paid,2-Apr-26
866,452,24-Apr-26,7000,7000,Paid,2-Apr-26
867,127,1-May-26,6000,6000,Paid,2-Apr-26
868,108,1-May-26,3000,3000,Paid,2-Apr-26
869,418,25-Apr-26,5000,5000,Paid,2-Apr-26
870,401,4-May-26,2500,2500,Paid,5-Apr-26
871,255,4-May-26,2500,2500,Paid,5-Apr-26
872,189,25-Apr-26,3000,3000,Paid,6-Apr-26
873,183,3-May-26,4500,4500,Paid,6-Apr-26
874,501,24-Apr-26,8000,8000,Paid,6-Apr-26
875,479,6-May-26,2500,2500,Paid,6-Apr-26
876,314,5-May-26,3000,3000,Paid,6-Apr-26
877,486,2-May-26,2500,2500,Paid,6-Apr-26
878,154,6-May-26,3000,3000,Paid,7-Apr-26
879,306,7-May-26,8000,8000,Paid,7-Apr-26
880,487,2-May-26,2500,2500,Paid,7-Apr-26
881,507,5-May-26,2500,2500,Paid,8-Apr-26
882,349,4-May-26,5000,5000,Paid,8-Apr-26
883,447,7-May-26,2500,2500,Paid,9-Apr-26
884,347,5-May-26,6000,6000,Paid,9-Apr-26
885,295,9-May-26,2000,2000,Paid,9-Apr-26
886,256,11-May-26,3000,3000,Paid,9-Apr-26
887,400,5-May-26,3000,3000,Paid,9-Apr-26
888,456,6-May-26,6000,6000,Paid,11-Apr-26
889,477,15-May-26,7000,7000,Paid,11-Apr-26
890,457,28-Apr-26,6000,6000,Paid,14-Apr-26
891,250,13-May-26,3500,3500,Paid,14-Apr-26
892,324,13-May-26,5000,5000,Paid,14-Apr-26
893,437,9-May-26,2000,2000,Paid,14-Apr-26
894,325,9-May-26,3000,3000,Paid,14-Apr-26
895,125,10-May-26,3000,3000,Paid,14-Apr-26
896,428,5-May-26,6000,6000,Paid,14-Apr-26
897,109,12-May-26,6000,6000,Paid,14-Apr-26
898,348,10-May-26,6000,6000,Paid,14-Apr-26
899,304,6-May-26,10000,10000,Paid,14-Apr-26
900,24,10-May-26,3000,3000,Paid,14-Apr-26
901,25,10-May-26,3000,3000,Paid,14-Apr-26
902,40,10-May-26,3000,3000,Paid,14-Apr-26
903,322,14-May-26,7000,7000,Paid,14-Apr-26
904,502,7-May-26,2500,2500,Paid,15-Apr-26
905,395,1-May-26,9000,9000,Paid,15-Apr-26
906,396,1-May-26,9000,9000,Paid,15-Apr-26
907,313,1-May-26,3000,3000,Paid,15-Apr-26
908,271,16-May-26,3000,3000,Paid,20-Apr-26
909,427,19-May-26,2500,2500,Paid,22-Apr-26
910,471,19-May-26,5000,5000,Paid,22-Apr-26
911,156,20-May-26,3000,3000,Paid,22-Apr-26
912,461,23-May-26,5000,5000,Paid,22-Apr-26
913,176,3-Jun-26,3000,3000,Paid,24-Apr-26
914,17,20-May-26,3000,3000,Paid,24-Apr-26
915,99,22-May-26,6000,6000,Paid,24-Apr-26
916,160,20-May-26,3000,3000,Paid,24-Apr-26
917,511,24-May-26,6000,6000,Paid,24-Apr-26
918,490,26-May-26,4000,4000,Paid,27-Apr-26
919,518,26-May-26,9000,9000,Paid,27-Apr-26
920,470,28-May-26,5000,5000,Paid,30-Apr-26
921,117,28-May-26,3000,3000,Paid,30-Apr-26
922,516,26-May-26,4000,4000,Paid,30-Apr-26
923,265,30-May-26,7500,7500,Paid,30-Apr-26
924,498,24-May-26,3000,3000,Paid,1-May-26
925,515,26-May-26,4500,4500,Paid,1-May-26
926,149,30-May-26,6000,6000,Paid,3-May-26
927,392,1-Jun-26,3000,3000,Paid,3-May-26
928,391,1-Jun-26,5000,5000,Paid,3-May-26
929,428,5-Jun-26,2500,2500,Paid,5-May-26
930,379,4-Jun-26,2500,2500,Paid,5-May-26
931,127,1-Jun-26,3000,3000,Paid,5-May-26
932,542,8-Jun-26,6000,6000,Paid,5-May-26
933,30,4-Jun-26,2500,2500,Paid,5-May-26
934,418,25-May-26,4000,4000,Paid,5-May-26
935,43,28-May-26,3000,3000,Paid,5-May-26
936,535,6-Jun-26,2500,2500,Paid,6-May-26
937,534,6-Jun-26,2500,2500,Paid,6-May-26
938,154,6-Jun-26,3000,3000,Paid,6-May-26
939,449,5-Jun-26,2500,2500,Paid,6-May-26
940,501,5-Jun-26,8000,8000,Paid,8-May-26
941,456,6-Jun-26,4500,4500,Paid,8-May-26
942,395,1-Jun-26,9000,9000,Paid,9-May-26
943,396,1-Jun-26,9000,9000,Paid,9-May-26
944,463,5-Jun-26,2500,2500,Paid,9-May-26
945,540,7-Jun-26,8000,8000,Paid,9-May-26
946,400,5-Jun-26,3000,3000,Paid,9-May-26
947,545,9-Jun-26,3000,3000,Paid,9-May-26
948,295,9-Jun-26,2000,2000,Paid,9-May-26
949,486,2-Jun-26,2500,2500,Paid,9-May-26
950,502,7-Jun-26,2500,2500,Paid,9-May-26
951,306,7-Jun-26,8000,8000,Paid,11-May-26
952,325,9-Jun-26,3000,3000,Paid,11-May-26
953,125,10-Jun-26,3000,3000,Paid,11-May-26
954,513,10-Jun-26,2500,2500,Paid,11-May-26
955,401,4-Jun-26,2500,2500,Paid,11-May-26
956,348,10-Jun-26,3000,3000,Paid,11-May-26
957,544,9-Jun-26,6000,6000,Paid,11-May-26
958,109,12-Jun-26,6000,6000,Paid,11-May-26
959,529,5-Jun-26,4500,4500,Paid,11-May-26
960,256,11-Jun-26,3000,3000,Paid,11-May-26
961,520,30-May-26,4000,4000,Paid,11-May-26
962,477,15-Jun-26,7000,7000,Paid,12-May-26
963,543,8-Jun-26,2500,2500,Paid,13-May-26
964,548,14-Jun-26,6000,6000,Paid,13-May-26
965,24,10-Jun-26,3000,3000,Paid,13-May-26
966,25,10-Jun-26,3000,3000,Paid,13-May-26
967,40,10-Jun-26,3000,3000,Paid,13-May-26
968,532,5-Jun-26,3000,3000,Paid,15-May-26
969,304,6-Jun-26,9000,9000,Paid,15-May-26
970,538,10-Jun-26,3000,3000,Paid,18-May-26
971,253,18-Jun-26,4000,4000,Paid,18-May-26
972,112,17-Jun-26,6000,6000,Paid,18-May-26
973,322,14-Jun-26,7000,7000,Paid,18-May-26
974,563,20-Jun-26,4000,4000,Paid,20-May-26
975,536,10-Jun-26,2500,2500,Paid,20-May-26
976,558,15-Jun-26,2500,2500,Paid,20-May-26
977,176,3-Jul-26,3000,3000,Paid,23-May-26
978,557,15-Jun-26,2500,2500,Paid,23-May-26
979,560,20-Jun-26,11000,11000,Paid,23-May-26
980,418,25-Jun-26,3000,3000,Paid,26-May-26
981,127,1-Jul-26,3000,3000,Paid,2-Jun-26
982,461,23-Jun-26,4000,4000,Paid,2-Jun-26
983,43,28-Jun-26,3000,3000,Paid,2-Jun-26
984,570,29-Jun-26,2500,2500,Paid,2-Jun-26
985,529,5-Jul-26,4500,4500,Paid,2-Jun-26
986,186,1-Jul-26,3000,3000,Paid,2-Jun-26
987,518,26-Jun-26,9000,9000,Paid,2-Jun-26
988,515,26-Jun-26,4500,4500,Paid,2-Jun-26
989,99,22-Jun-26,6000,6000,Paid,4-Jun-26
990,566,22-Jun-26,10000,10000,Paid,4-Jun-26
991,498,24-Jun-26,3000,3000,Paid,4-Jun-26
992,490,26-Jun-26,4000,4000,Paid,4-Jun-26
993,572,1-Jul-26,2500,2500,Paid,4-Jun-26
994,520,30-Jun-26,4000,4000,Paid,4-Jun-26
995,392,1-Jul-26,3000,3000,Paid,4-Jun-26
996,272,5-Jul-26,7000,7000,Paid,6-Jun-26
997,505,6-Jul-26,6000,6000,Paid,7-Jun-26
998,573,1-Jul-26,2500,2500,Paid,7-Jun-26
999,447,6-Jul-26,2500,2500,Paid,7-Jun-26
1000,347,5-Jul-26,6000,6000,Paid,8-Jun-26
1001,154,6-Jul-26,3000,3000,Paid,8-Jun-26
1002,532,5-Jul-26,3000,3000,Paid,8-Jun-26
1003,552,7-Jul-26,7000,7000,Paid,8-Jun-26
1004,575,1-Jul-26,2500,2500,Paid,8-Jun-26
1005,395,1-Jul-26,9000,9000,Paid,9-Jun-26
1006,542,8-Jul-26,6000,6000,Paid,9-Jun-26
1007,509,8-Jul-26,2500,2500,Paid,9-Jun-26
1008,571,30-Jun-26,7000,7000,Paid,10-Jun-26
1009,413,10-Jul-26,8000,8000,Paid,10-Jun-26
1010,502,10-Jul-26,2500,2500,Paid,11-Jun-26
1011,271,10-Jul-26,2500,2500,Paid,12-Jun-26
1012,400,5-Jul-26,3000,3000,Paid,12-Jun-26
1013,477,15-Jul-26,7000,7000,Paid,12-Jun-26
1014,538,10-Jul-26,3000,3000,Paid,12-Jun-26
1015,322,14-Jul-26,7000,7000,Paid,12-Jun-26
1016,125,10-Jul-26,3000,3000,Paid,12-Jun-26
1017,256,11-Jul-26,3000,3000,Paid,13-Jun-26
1018,161,13-Jul-26,3000,3000,Paid,13-Jun-26
1019,511,12-Jul-26,6000,6000,Paid,13-Jun-26
1020,578,5-Jul-26,12000,12000,Paid,13-Jun-26
1021,584,10-Jul-26,2500,2500,Paid,15-Jun-26
1022,539,14-Jul-26,6000,6000,Paid,15-Jun-26
1023,109,12-Jul-26,6000,6000,Paid,15-Jun-26
1024,449,14-Jul-26,2500,2500,Paid,15-Jun-26
1025,548,14-Jul-26,6000,6000,Paid,15-Jun-26
1026,543,10-Jul-26,2500,2500,Paid,15-Jun-26
1027,24,10-Jul-26,3000,3000,Paid,15-Jun-26
1028,25,10-Jul-26,3000,3000,Paid,15-Jun-26
1029,40,10-Jul-26,3000,3000,Paid,15-Jun-26
1030,569,15-Jul-26,3500,3500,Paid,17-Jun-26
1031,553,14-Jul-26,5000,5000,Paid,17-Jun-26
1032,583,10-Jul-26,2500,2500,Paid,17-Jun-26
1033,250,17-Jul-26,3500,3500,Paid,21-Jun-26
1034,588,14-Jul-26,3000,3000,Paid,21-Jun-26
1035,587,14-Jul-26,5000,5000,Paid,21-Jun-26
1036,287,20-Jul-26,3000,3000,Paid,22-Jun-26
1037,176,3-Aug-26,3000,3000,Paid,22-Jun-26
1038,557,15-Jul-26,2500,2500,Paid,22-Jun-26
1039,558,15-Jul-26,2500,2500,Paid,23-Jun-26
1040,479,23-Jul-26,2500,2500,Paid,24-Jun-26
1041,99,22-Jul-26,6000,6000,Paid,24-Jun-26
1042,451,28-Jul-26,3000,3000,Paid,29-Jun-26
1043,570,29-Jul-26,2500,2500,Paid,29-Jun-26
1044,265,30-Jul-26,6000,6000,Paid,30-Jun-26
1045,461,23-Jul-26,6000,6000,Paid,30-Jun-26
1047,498,24-Jul-26,3000,3000,Paid,2-Jul-26
1048,572,1-Aug-26,2500,2500,Paid,2-Jul-26
1049,515,26-Jul-26,8000,8000,Paid,2-Jul-26
1050,418,25-Jul-26,3000,3000,Paid,2-Jul-26
1051,594,1-Aug-26,10000,10000,Paid,2-Jul-26
1052,3,2-Aug-26,3000,3000,Paid,2-Jul-26
1053,518,26-Jul-26,9000,9000,Paid,2-Jul-26
1054,379,3-Aug-26,8000,8000,Paid,3-Jul-26
1055,486,2-Aug-26,2500,2500,Paid,3-Jul-26
1056,598,1-Aug-26,6000,6000,Paid,5-Jul-26
1057,469,4-Aug-26,2500,2500,Paid,5-Jul-26
1058,447,6-Aug-26,2500,2500,Paid,5-Jul-26
1059,520,30-Jul-26,4000,4000,Paid,5-Jul-26
1060,523,1-Aug-26,3000,3000,Paid,5-Jul-26
1061,256,10-Aug-26,5000,5000,Paid,5-Jul-26
1062,154,6-Aug-26,3000,3000,Paid,6-Jul-26
1063,597,1-Aug-26,6000,6000,Paid,6-Jul-26
1064,596,1-Aug-26,6000,6000,Paid,6-Jul-26
1065,309,5-Aug-26,5000,5000,Paid,6-Jul-26
1066,603,3-Aug-26,3000,3000,Paid,6-Jul-26
1067,593,5-Aug-26,3000,3000,Paid,6-Jul-26
1068,186,1-Aug-26,3000,3000,Paid,6-Jul-26
1069,573,1-Aug-26,2500,2500,Paid,6-Jul-26
1070,509,8-Aug-26,2500,2500,Paid,6-Jul-26
1071,306,5-Aug-26,8000,8000,Paid,7-Jul-26
1072,543,10-Aug-26,2500,2500,Paid,7-Jul-26
1073,571,2-Aug-26,7000,7000,Paid,7-Jul-26
1074,611,10-Aug-26,4000,4000,Paid,7-Jul-26
1075,401,4-Aug-26,2500,2500,Paid,8-Jul-26
1076,595,1-Aug-26,6000,6000,Paid,8-Jul-26
1077,252,5-Aug-26,3000,3000,Paid,8-Jul-26
1078,201,7-Aug-26,2500,2500,Paid,8-Jul-26
1079,127,1-Aug-26,3000,3000,Paid,8-Jul-26
1080,566,5-Aug-26,10000,10000,Paid,8-Jul-26
1081,392,1-Aug-26,3000,3000,Paid,8-Jul-26
1082,272,5-Aug-26,7000,7000,Paid,9-Jul-26
1083,604,5-Aug-26,7000,7000,Paid,9-Jul-26
1084,605,6-Aug-26,8000,8000,Paid,9-Jul-26
1085,160,8-Aug-26,3000,3000,Paid,9-Jul-26
1086,532,5-Aug-26,3000,3000,Paid,9-Jul-26
1087,446,9-Aug-26,2500,2500,Paid,10-Jul-26
1088,271,10-Aug-26,2500,2500,Paid,11-Jul-26
1089,421,10-Aug-26,6000,6000,Paid,11-Jul-26
1090,125,10-Aug-26,3000,3000,Paid,11-Jul-26
1091,612,10-Aug-26,2500,2500,Paid,12-Jul-26
1092,544,10-Aug-26,5000,5000,Paid,14-Jul-26
1093,610,9-Aug-26,5500,5500,Paid,14-Jul-26
1094,607,8-Aug-26,2500,2500,Paid,14-Jul-26
1095,606,8-Aug-26,2500,2500,Paid,14-Jul-26
1096,529,5-Aug-26,4500,4500,Paid,14-Jul-26
1097,395,1-Aug-26,9000,9000,Paid,14-Jul-26
1098,613,10-Aug-26,2500,2500,Paid,15-Jul-26
1099,602,5-Aug-26,2500,2500,Paid,15-Jul-26
1100,603,3-Sep-26,2500,2500,Paid,15-Jul-26
1101,263,14-Aug-26,8000,8000,Paid,15-Jul-26
1102,109,12-Aug-26,6000,6000,Paid,15-Jul-26
1103,548,14-Aug-26,6000,6000,Paid,15-Jul-26
1104,583,10-Aug-26,2500,2500,Paid,15-Jul-26
1105,161,13-Aug-26,3000,3000,Paid,15-Jul-26
1106,601,3-Aug-26,2500,2500,Paid,16-Jul-26
1107,513,12-Aug-26,2500,2500,Paid,16-Jul-26
1108,620,17-Aug-26,6000,6000,Paid,16-Jul-26
1109,584,10-Aug-26,2500,2500,Paid,16-Jul-26
1110,24,10-Aug-26,3000,3000,Paid,16-Jul-26
1111,25,10-Aug-26,3000,3000,Paid,16-Jul-26
1112,40,10-Aug-26,3000,3000,Paid,16-Jul-26
1113,578,5-Aug-26,12000,12000,Paid,17-Jul-26
1114,538,10-Aug-26,3000,3000,Paid,18-Jul-26
1115,304,15-Aug-26,9000,9000,Paid,18-Jul-26
1117,587,14-Aug-26,5000,5000,Paid,18-Jul-26
1118,104,5-Aug-26,3000,3000,Paid,18-Jul-26
1119,539,14-Aug-26,6000,6000,Paid,18-Jul-26
1120,449,14-Aug-26,6000,6000,Paid,20-Jul-26
1121,624,18-Aug-26,2500,2500,Paid,20-Jul-26
1122,625,19-Aug-26,9000,9000,Paid,22-Jul-26
1123,558,15-Aug-26,2500,2500,Paid,22-Jul-26
1124,314,20-Aug-26,3000,3000,Paid,22-Jul-26
1125,176,3-Sep-26,3000,3000,Paid,24-Jul-26
1126,557,15-Aug-26,2500,2500,Paid,24-Jul-26
1127,99,22-Aug-26,6000,6000,Paid,24-Jul-26
1128,621,17-Aug-26,8000,8000,Paid,24-Jul-26
1129,616,23-Aug-26,6000,6000,Paid,24-Jul-26
1130,479,23-Aug-26,2500,2500,Paid,24-Jul-26
1131,287,20-Aug-26,3000,3000,Paid,24-Jul-26
1132,626,21-Aug-26,5000,5000,Paid,27-Jul-26
1133,156,27-Aug-26,3000,3000,Paid,29-Jul-26
1134,498,24-Aug-26,3000,3000,Paid,29-Jul-26
1135,570,29-Aug-26,2500,2500,Paid,30-Jul-26
1136,570,29-Aug-26,2500,2500,Paid,30-Jul-26
1137,502,10-Aug-26,2500,2500,Paid,29-Jul-26
1138,451,28-Aug-26,3000,3000,Paid,31-Jul-26
1139,631,29-Aug-26,3000,3000,Paid,31-Jul-26
1140,189,3-Sep-26,3000,3000,Paid,4-Aug-26
1141,637,1-Sep-26,8000,8000,Paid,4-Aug-26
1142,515,27-Aug-26,8000,8000,Paid,4-Aug-26
1143,594,1-Sep-26,10000,10000,Paid,4-Aug-26
1144,418,5-Sep-26,5000,5000,Paid,4-Aug-26
1145,395,1-Sep-26,9000,9000,Paid,4-Aug-26
1146,421,10-Sep-26,6000,6000,Paid,4-Aug-26
1147,535,3-Sep-26,2500,2500,Paid,4-Aug-26
1148,127,1-Sep-26,3000,3000,Paid,4-Aug-26
1149,523,1-Sep-26,3000,3000,Paid,4-Aug-26
1150,573,1-Sep-26,2500,2500,Paid,4-Aug-26
1151,307,3-Sep-26,3000,3000,Paid,4-Aug-26
1152,622,3-Sep-26,2500,2500,Paid,4-Aug-26
1153,572,1-Sep-26,2500,2500,Paid,5-Aug-26
1154,401,4-Sep-26,2500,2500,Paid,5-Aug-26
1155,634,1-Sep-26,8000,8000,Paid,8-Aug-26
1156,638,2-Sep-26,2500,2500,Paid,9-Aug-26
1157,16,5-Sep-26,4500,4500,Paid,9-Aug-26
1158,506,5-Sep-26,2000,2000,Paid,9-Aug-26
1159,599,2-Sep-26,5000,5000,Paid,9-Aug-26
1160,154,6-Sep-26,3000,3000,Paid,9-Aug-26
1161,641,6-Sep-26,2500,2500,Paid,9-Aug-26
1162,603,3-Sep-26,3000,3000,Paid,9-Aug-26
1164,80,6-Sep-26,2500,2500,Paid,9-Aug-26
1165,59,6-Sep-26,2500,2500,Paid,9-Aug-26
1166,306,7-Sep-26,8000,8000,Paid,9-Aug-26
1167,598,1-Sep-26,6000,6000,Paid,9-Aug-26
1168,642,5-Sep-26,5000,5000,Paid,9-Aug-26
1169,309,5-Sep-26,5000,5000,Paid,9-Aug-26
1170,509,8-Sep-26,2500,2500,Paid,9-Aug-26
1172,640,8-Sep-26,2000,2000,Paid,9-Aug-26
1173,646,7-Sep-26,6000,6000,Paid,10-Aug-26
1174,125,10-Sep-26,3000,3000,Paid,10-Aug-26
1175,313,10-Sep-26,8000,8000,Paid,10-Aug-26
1176,420,9-Sep-26,2000,2000,Paid,10-Aug-26
1177,593,5-Sep-26,3000,3000,Paid,10-Aug-26
1178,578,5-Sep-26,12000,12000,Paid,10-Aug-26
1180,340,10-Sep-26,2500,2500,Paid,10-Aug-26
1181,602,5-Sep-26,2500,2500,Paid,11-Aug-26
1182,603,5-Sep-26,2500,2500,Paid,11-Aug-26
1183,70,10-Sep-26,8000,8000,Paid,11-Aug-26
1184,461,23-Aug-26,6000,6000,Paid,11-Aug-26
1185,566,5-Sep-26,10000,10000,Paid,11-Aug-26
1186,606,8-Sep-26,2500,2500,Paid,11-Aug-26
1187,186,1-Sep-26,3000,3000,Paid,11-Aug-26
1188,511,11-Sep-26,3000,3000,Paid,11-Aug-26
1189,543,10-Sep-26,2500,2500,Paid,11-Aug-26
1190,304,15-Sep-26,9000,9000,Paid,11-Aug-26
1191,256,10-Sep-26,3000,3000,Paid,11-Aug-26
1192,107,12-Sep-26,2500,2500,Paid,12-Aug-26
1193,538,10-Sep-26,3000,3000,Paid,12-Aug-26
1194,409,10-Sep-26,3000,3000,Paid,12-Aug-26
1195,446,9-Sep-26,2500,2500,Paid,15-Aug-26
1196,477,13-Sep-26,7000,7000,Paid,15-Aug-26
1197,271,10-Sep-26,2500,2500,Paid,15-Aug-26
1198,544,10-Aug-26,5000,5000,Paid,15-Aug-26
1199,636,7-Sep-26,6000,6000,Paid,15-Aug-26
1200,109,12-Sep-26,6000,6000,Paid,15-Aug-26
1201,607,8-Sep-26,2500,2500,Paid,15-Aug-26
1202,705,5-Oct-26,2500,2500,Paid,15-Aug-26
1203,648,10-Sep-26,2500,2500,Paid,15-Aug-26
1204,613,10-Sep-26,2500,2500,Paid,15-Aug-26
1205,639,1-Sep-26,9000,9000,Paid,17-Aug-26
1206,652,14-Sep-26,2500,2500,Paid,17-Aug-26
1207,659,17-Sep-26,2500,2500,Paid,17-Aug-26
1208,290,18-Sep-26,12000,12000,Paid,18-Aug-26
1209,654,16-Sep-26,3000,3000,Paid,19-Aug-26
1210,620,17-Sep-26,6000,6000,Paid,19-Aug-26
1211,337,17-Sep-26,2500,2500,Paid,19-Aug-26
1212,240,17-Sep-26,2500,2500,Paid,19-Aug-26
1213,647,10-Sep-26,8000,8000,Paid,19-Aug-26
1214,656,17-Sep-26,2500,2500,Paid,19-Aug-26
1215,657,17-Sep-26,6000,6000,Paid,19-Aug-26
1216,601,3-Sep-26,2500,2500,Paid,19-Aug-26
1217,664,19-Sep-26,3000,3000,Paid,21-Aug-26
1218,661,18-Sep-26,2500,2500,Paid,21-Aug-26
1219,660,17-Sep-26,2500,2500,Paid,21-Aug-26
1220,663,19-Sep-26,5000,5000,Paid,22-Aug-26
1221,263,14-Sep-26,8000,8000,Paid,22-Aug-26
